{
  "numeric_features": [
    "marital_status",
    "application_mode",
    "application_order",
    "course",
    "daytime_evening_attendance",
    "previous_qualification",
    "nacionality",
    "mother's_qualification",
    "father's_qualification",
    "mother's_occupation",
    "father's_occupation",
    "displaced",
    "educational_special_needs",
    "debtor",
    "tuition_fees_up_to_date",
    "gender",
    "scholarship_holder",
    "age_at_enrollment",
    "international",
    "curricular_units_1st_sem_(credited)",
    "curricular_units_1st_sem_(enrolled)",
    "curricular_units_1st_sem_(evaluations)",
    "curricular_units_1st_sem_(approved)",
    "curricular_units_1st_sem_(grade)",
    "curricular_units_1st_sem_(without_evaluations)",
    "curricular_units_2nd_sem_(credited)",
    "curricular_units_2nd_sem_(enrolled)",
    "curricular_units_2nd_sem_(evaluations)",
    "curricular_units_2nd_sem_(approved)",
    "curricular_units_2nd_sem_(grade)",
    "curricular_units_2nd_sem_(without_evaluations)",
    "unemployment_rate",
    "inflation_rate",
    "gdp"
  ],
  "categorical_features": [],
  "processed_feature_names": [
    "marital_status",
    "application_mode",
    "application_order",
    "course",
    "daytime_evening_attendance",
    "previous_qualification",
    "nacionality",
    "mother's_qualification",
    "father's_qualification",
    "mother's_occupation",
    "father's_occupation",
    "displaced",
    "educational_special_needs",
    "debtor",
    "tuition_fees_up_to_date",
    "gender",
    "scholarship_holder",
    "age_at_enrollment",
    "international",
    "curricular_units_1st_sem_(credited)",
    "curricular_units_1st_sem_(enrolled)",
    "curricular_units_1st_sem_(evaluations)",
    "curricular_units_1st_sem_(approved)",
    "curricular_units_1st_sem_(grade)",
    "curricular_units_1st_sem_(without_evaluations)",
    "curricular_units_2nd_sem_(credited)",
    "curricular_units_2nd_sem_(enrolled)",
    "curricular_units_2nd_sem_(evaluations)",
    "curricular_units_2nd_sem_(approved)",
    "curricular_units_2nd_sem_(grade)",
    "curricular_units_2nd_sem_(without_evaluations)",
    "unemployment_rate",
    "inflation_rate",
    "gdp"
  ],
  "final_feature_count": 34,
  "n_numeric": 34,
  "n_categorical": 0,
  "timestamp": "2025-10-21T07:58:47.504377",
  "source": "Cell 4 \u2014 Data Preprocessing Pipeline"
}