column,ks_stat,p_value
marital_status,0.4512574173495338,0.0
application_mode,0.15145521333710088,8.203611318319123e-36
application_order,0.37581237637750775,6.88831777123805e-223
course,0.1799943486860695,1.742283187292792e-50
daytime_evening_attendance,0.5018366770274089,0.0
previous_qualification,0.49957615145521334,0.0
nacionality,0.48940378638033344,0.0
mother's_qualification,0.25911274371291326,8.671705637730135e-105
father's_qualification,0.18310257134783836,3.0713294168701504e-52
mother's_occupation,0.18508053122350945,2.2661190048214356e-53
father's_occupation,0.33201469341621925,4.384458515511868e-173
displaced,0.30149759819157956,2.585219289393988e-142
educational_special_needs,0.25317886408589996,5.200088933286525e-100
debtor,0.3639446171234812,1.0021731037928112e-208
tuition_fees_up_to_date,0.6241876236224922,0.0
gender,0.37976829612884994,1.0125412077868229e-227
scholarship_holder,0.4413676179711783,2.3426445405118e-310
age_at_enrollment,0.2062729584628426,2.772699317000005e-66
international,0.49562023170387115,0.0
curricular_units_1st_sem_(credited),0.33314495620231704,2.7600931113105512e-174
curricular_units_1st_sem_(enrolled),0.2786097767730997,2.63254477768545e-121
curricular_units_1st_sem_(evaluations),0.2613732692851088,1.2230830054569942e-106
curricular_units_1st_sem_(approved),0.2088160497315626,6.2630656297607125e-68
curricular_units_1st_sem_(grade),0.18282000565131393,4.446630798214149e-52
curricular_units_1st_sem_(without_evaluations),0.49562023170387115,0.0
curricular_units_2nd_sem_(credited),0.6261655834981633,0.0
curricular_units_2nd_sem_(enrolled),0.24018084204577564,6.002773490923716e-90
curricular_units_2nd_sem_(evaluations),0.14297824244136761,5.993480250358986e-32
curricular_units_2nd_sem_(approved),0.11472167278892342,1.0744024784713885e-20
curricular_units_2nd_sem_(grade),0.223792031647358,4.793439435488943e-78
curricular_units_2nd_sem_(without_evaluations),0.34331732127719694,2.7089543066077585e-185
unemployment_rate,0.11133088443063012,1.6373275151538455e-19
inflation_rate,0.11048318734105679,3.1936393788887115e-19
gdp,0.16077988132240745,2.5284698347576198e-40
self_efficacy_z,0.15032495055100312,2.7682740633645667e-35
motivation_z,0.16473580107374966,2.5480481241182548e-42
academic_engagement_z,0.08307431477818593,4.8212162844526785e-11
