column,ks_stat,p_value
marital_status,0.061034190449279456,3.739459958970429e-06
application_mode,0.021474992935857588,0.3881597453553306
application_order,0.05510031082226618,4.295589431591942e-05
course,0.033342752189884146,0.03910604583356072
daytime_evening_attendance,0.08816049731562588,2.1951536790228686e-12
previous_qualification,0.062164453235377226,2.2832314390541447e-06
nacionality,0.02373551850805312,0.27169765184486316
mother's_qualification,0.018084204577564284,0.6092230009180175
father's_qualification,0.024583215597626447,0.23524255731672808
mother's_occupation,0.020062164453235377,0.47465251031565747
father's_occupation,0.014975981915795423,0.8223654035458536
displaced,0.024583215597626447,0.23524255731672808
educational_special_needs,0.01158519355750212,0.9715071486932001
debtor,0.06894602995196383,9.776928607952113e-08
tuition_fees_up_to_date,0.06414241311104832,9.421323950611005e-07
gender,0.05425261373269285,5.9651165383009806e-05
scholarship_holder,0.07629273806159932,2.2261252592498605e-09
age_at_enrollment,0.01949703306018649,0.5117919568540197
international,0.02373551850805312,0.27169765184486316
curricular_units_1st_sem_(credited),0.07064142413111048,4.225998059311568e-08
curricular_units_1st_sem_(enrolled),0.030517095224639728,0.07406623429888066
curricular_units_1st_sem_(evaluations),0.02204012432890647,0.3564208007697869
curricular_units_1st_sem_(approved),0.025996044080248658,0.18283267834723155
curricular_units_1st_sem_(grade),0.03955919751342187,0.00786130278643595
curricular_units_1st_sem_(without_evaluations),0.061599321842328345,2.9253112276207108e-06
curricular_units_2nd_sem_(credited),0.06555524159367053,4.92176839901875e-07
curricular_units_2nd_sem_(enrolled),0.02740887256287087,0.14004197751451955
curricular_units_2nd_sem_(evaluations),0.01864933597061317,0.5696336743424424
curricular_units_2nd_sem_(approved),0.027126306866346424,0.1478831259350728
curricular_units_2nd_sem_(grade),0.03645097485165301,0.018144161930897414
curricular_units_2nd_sem_(without_evaluations),0.05453517942921729,5.349744119424845e-05
unemployment_rate,0.025148346990675332,0.2130590272174988
inflation_rate,0.015541113308844307,0.7862683199665813
gdp,0.025148346990675332,0.2130590272174988
self_efficacy_z,0.024300649901102006,0.24696473156263546
motivation_z,0.02317038711500424,0.298175846066542
academic_engagement_z,0.013563153433173212,0.9007902064322302
