{
  "train_data_head": [
    {
      "marital_status": -0.29482874863473196,
      "application_mode": -1.1110937679742583,
      "application_order": -0.5540677512436588,
      "course": -0.20760182069595273,
      "daytime_evening_attendance": 0.3500824566660891,
      "previous_qualification": -0.38640410574402656,
      "nacionality": -0.14558607819675867,
      "mother's_qualification": 1.1831158124545955,
      "father's_qualification": 0.9548337961287274,
      "mother's_occupation": 0.6709872096537619,
      "father's_occupation": 0.44908720301942695,
      "displaced": 0.9075119316119963,
      "educational_special_needs": -0.10799293622248544,
      "debtor": -0.35816700172149124,
      "tuition_fees_up_to_date": 0.3681353201786524,
      "gender": 1.3576404754825118,
      "scholarship_holder": -0.5749141812387947,
      "age_at_enrollment": -0.16675255968433558,
      "international": -0.15968211351302047,
      "curricular_units_1st_sem_(credited)": -0.30081305824983723,
      "curricular_units_1st_sem_(enrolled)": -0.5123475631283743,
      "curricular_units_1st_sem_(evaluations)": 0.16774608588949805,
      "curricular_units_1st_sem_(approved)": -1.5212573894487618,
      "curricular_units_1st_sem_(grade)": -2.1971023927998017,
      "curricular_units_1st_sem_(without_evaluations)": -0.19927303148411477,
      "curricular_units_2nd_sem_(credited)": -0.2824423108896146,
      "curricular_units_2nd_sem_(enrolled)": -0.5611610991668988,
      "curricular_units_2nd_sem_(evaluations)": -0.7760069606289794,
      "curricular_units_2nd_sem_(approved)": -1.1397884520994601,
      "curricular_units_2nd_sem_(grade)": 0.3396775219049759,
      "curricular_units_2nd_sem_(without_evaluations)": -0.199440991148615,
      "unemployment_rate": -1.4890428695279747,
      "inflation_rate": 0.9923450810182353,
      "gdp": 0.14012166938988344,
      "self_efficacy_z": -1.0889044322838761,
      "motivation_z": 0.003635876316447671,
      "academic_engagement_z": -1.5550742802292206,
      "dropout": 1
    },
    {
      "marital_status": -0.29482874863473196,
      "application_mode": -1.1110937679742583,
      "application_order": -0.5540677512436588,
      "course": 1.4085402565570038,
      "daytime_evening_attendance": 0.3500824566660891,
      "previous_qualification": -0.38640410574402656,
      "nacionality": -0.14558607819675867,
      "mother's_qualification": 1.1831158124545955,
      "father's_qualification": 0.9548337961287274,
      "mother's_occupation": -0.07950514215179416,
      "father's_occupation": -0.16868698421874007,
      "displaced": -1.101913886932284,
      "educational_special_needs": -0.10799293622248544,
      "debtor": -0.35816700172149124,
      "tuition_fees_up_to_date": 0.3681353201786524,
      "gender": -0.7365720292366764,
      "scholarship_holder": -0.5749141812387947,
      "age_at_enrollment": -0.562167955812708,
      "international": -0.15968211351302047,
      "curricular_units_1st_sem_(credited)": -0.30081305824983723,
      "curricular_units_1st_sem_(enrolled)": -0.109105147316254,
      "curricular_units_1st_sem_(evaluations)": -0.07156661452170444,
      "curricular_units_1st_sem_(approved)": 0.4180498886958897,
      "curricular_units_1st_sem_(grade)": 0.28064131593404107,
      "curricular_units_1st_sem_(without_evaluations)": -0.19927303148411477,
      "curricular_units_2nd_sem_(credited)": -0.2824423108896146,
      "curricular_units_2nd_sem_(enrolled)": -0.10572600419086485,
      "curricular_units_2nd_sem_(evaluations)": 0.4906159709761728,
      "curricular_units_2nd_sem_(approved)": -0.14457316681893165,
      "curricular_units_2nd_sem_(grade)": 0.2437122658678595,
      "curricular_units_2nd_sem_(without_evaluations)": -0.199440991148615,
      "unemployment_rate": -1.4890428695279747,
      "inflation_rate": 0.9923450810182353,
      "gdp": 0.14012166938988344,
      "self_efficacy_z": 0.2837823687406768,
      "motivation_z": -0.06975004561916419,
      "academic_engagement_z": 0.24119548319140371,
      "dropout": 1
    },
    {
      "marital_status": 1.3562122437197668,
      "application_mode": 0.9650184699576763,
      "application_order": -0.5540677512436588,
      "course": 1.639417696164569,
      "daytime_evening_attendance": -2.856469900043596,
      "previous_qualification": -0.38640410574402656,
      "nacionality": -0.14558607819675867,
      "mother's_qualification": 1.0723153223024091,
      "father's_qualification": 0.9548337961287274,
      "mother's_occupation": 0.6709872096537619,
      "father's_occupation": 0.44908720301942695,
      "displaced": -1.101913886932284,
      "educational_special_needs": -0.10799293622248544,
      "debtor": -0.35816700172149124,
      "tuition_fees_up_to_date": -2.7163924382879365,
      "gender": -0.7365720292366764,
      "scholarship_holder": -0.5749141812387947,
      "age_at_enrollment": 1.9421295530003173,
      "international": -0.15968211351302047,
      "curricular_units_1st_sem_(credited)": -0.30081305824983723,
      "curricular_units_1st_sem_(enrolled)": -0.5123475631283743,
      "curricular_units_1st_sem_(evaluations)": -0.5501920153441094,
      "curricular_units_1st_sem_(approved)": 0.09483200900511447,
      "curricular_units_1st_sem_(grade)": -0.008428783418240623,
      "curricular_units_1st_sem_(without_evaluations)": -0.19927303148411477,
      "curricular_units_2nd_sem_(credited)": -0.2824423108896146,
      "curricular_units_2nd_sem_(enrolled)": -0.5611610991668988,
      "curricular_units_2nd_sem_(evaluations)": 0.23729138465514235,
      "curricular_units_2nd_sem_(approved)": -0.8080500236726174,
      "curricular_units_2nd_sem_(grade)": 0.1477470098307431,
      "curricular_units_2nd_sem_(without_evaluations)": -0.199440991148615,
      "unemployment_rate": 0.4256954122332026,
      "inflation_rate": 1.7879738048661231,
      "gdp": -0.7498720732409514,
      "self_efficacy_z": 0.06735634502622458,
      "motivation_z": -1.1607818930814664,
      "academic_engagement_z": -0.30604025153705333,
      "dropout": 1
    }
  ],
  "numeric_cols_sample": [
    "marital_status",
    "application_mode",
    "application_order",
    "course",
    "daytime_evening_attendance",
    "previous_qualification",
    "nacionality",
    "mother's_qualification",
    "father's_qualification",
    "mother's_occupation"
  ],
  "target_col": "dropout",
  "files_saved": {
    "synthetic_ctgan": "synthetic_ctgan.csv",
    "synthetic_tvae": "synthetic_tvae.csv",
    "synthetic_hybrid": "synthetic_hybrid.csv",
    "synthetic_hybrid_ceda": "synthetic_hybrid_ceda.csv",
    "synthetic_hybrid_recolored": "synthetic_hybrid_recolored.csv",
    "ks_report": "ks_hybrid.csv",
    "summary": "synthetic_generation_summary.json"
  }
}