{
  "seed": 42,
  "target_col": "dropout",
  "numeric_cols_sample": [
    "marital_status",
    "application_mode",
    "application_order",
    "course",
    "daytime_evening_attendance",
    "previous_qualification",
    "nacionality",
    "mother's_qualification",
    "father's_qualification",
    "mother's_occupation",
    "father's_occupation",
    "displaced",
    "educational_special_needs",
    "debtor",
    "tuition_fees_up_to_date",
    "gender",
    "scholarship_holder",
    "age_at_enrollment",
    "international",
    "curricular_units_1st_sem_(credited)"
  ],
  "base_recolored_mean_ks": 0.03710011226258754,
  "base_recolored_auc": 0.9541677040441763,
  "privacy_noise_level_used": 0.0,
  "privacy_smoothed_mean_ks": 0.03710011226258754,
  "privacy_smoothed_auc": 0.9541677040441763,
  "pca_plot": "pca_real_recolored_privacy.png",
  "timestamp": "2025-10-21 08:47:44"
}