Feature,Mean_SHAP
curricular_units_2nd_sem_(approved),0.9859875046230733
curricular_units_1st_sem_(approved),0.7422772679268665
curricular_units_2nd_sem_(grade),0.6902040076991969
application_mode,0.6340978535345568
tuition_fees_up_to_date,0.5692104749470496
age_at_enrollment,0.5109313381367582
scholarship_holder,0.47075369655966
gender,0.43736139061325946
gdp,0.2626660173043104
curricular_units_1st_sem_(grade),0.25783910553694667
debtor,0.20171042988500754
curricular_units_1st_sem_(evaluations),0.19261441638842713
mother's_occupation,0.16100453590725128
father's_qualification,0.14534647457383987
father's_occupation,0.11374414105116631
curricular_units_1st_sem_(enrolled),0.10886625134433424
curricular_units_2nd_sem_(evaluations),0.10614105934578136
curricular_units_2nd_sem_(enrolled),0.10443718398360653
curricular_units_1st_sem_(without_evaluations),0.10184278114351848
course,0.0935321516633949
marital_status,0.08635745749911788
previous_qualification,0.08610609596380875
application_order,0.07142123655897224
unemployment_rate,0.0671637240886712
mother's_qualification,0.06216643026817795
inflation_rate,0.05833589130228073
curricular_units_2nd_sem_(credited),0.0568123073130699
displaced,0.04770025440975762
daytime_evening_attendance,0.031616474694998106
curricular_units_1st_sem_(credited),0.023618775739069488
nacionality,0.003576704803192094
international,0.0034051234956140267
educational_special_needs,0.0009542451890111024
curricular_units_2nd_sem_(without_evaluations),0.0005213186972455336
