Feature,Mean_SHAP
curricular_units_1st_sem_(approved),1.4844353707962854
curricular_units_2nd_sem_(approved),1.332954080235593
curricular_units_2nd_sem_(grade),1.179235018565573
application_mode,0.9861894564925814
age_at_enrollment,0.8488758773660575
scholarship_holder,0.7040158726390069
gender,0.690432769038666
curricular_units_1st_sem_(grade),0.4962948075274508
tuition_fees_up_to_date,0.4006935068567496
gdp,0.30770661442697433
debtor,0.3037000398667024
mother's_occupation,0.27371345539615655
curricular_units_1st_sem_(evaluations),0.23524252087020384
father's_qualification,0.22476020945473793
father's_occupation,0.21201007408214653
curricular_units_2nd_sem_(evaluations),0.21164318957219047
curricular_units_1st_sem_(enrolled),0.20072417871623682
course,0.1976645124704276
previous_qualification,0.18617367299328458
curricular_units_2nd_sem_(enrolled),0.1649837142882089
marital_status,0.11563793893541428
inflation_rate,0.10009259010118565
unemployment_rate,0.09913036680208744
mother's_qualification,0.08462261982438336
application_order,0.0599865526097781
curricular_units_1st_sem_(credited),0.03775445375970912
displaced,0.035553712546405485
curricular_units_2nd_sem_(credited),0.02533831193699371
daytime_evening_attendance,0.023679396637091395
nacionality,0.0
educational_special_needs,0.0
international,0.0
curricular_units_1st_sem_(without_evaluations),0.0
curricular_units_2nd_sem_(without_evaluations),0.0
