Feature,Mean_SHAP
curricular_units_2nd_sem_(approved),1.1829267798502754
tuition_fees_up_to_date,0.8899728161637732
curricular_units_2nd_sem_(grade),0.7479278347591831
application_mode,0.7390294496430644
scholarship_holder,0.7213672809194385
gender,0.5561849988194896
gdp,0.4568511312343776
debtor,0.4473275906031414
curricular_units_1st_sem_(approved),0.4367509962250893
age_at_enrollment,0.40793847887061585
curricular_units_1st_sem_(without_evaluations),0.397199646055342
curricular_units_1st_sem_(evaluations),0.26801231669300357
father's_qualification,0.20269917599202322
curricular_units_1st_sem_(grade),0.20055491900730574
curricular_units_2nd_sem_(credited),0.18890162310109995
application_order,0.17655807046391517
mother's_occupation,0.17353099690899862
marital_status,0.15009661613002837
displaced,0.10485998241309533
curricular_units_2nd_sem_(enrolled),0.09080229042771158
daytime_evening_attendance,0.090753257406106
curricular_units_1st_sem_(enrolled),0.08388246964921
mother's_qualification,0.06725012183643726
unemployment_rate,0.06215925062403514
previous_qualification,0.04967941997281757
inflation_rate,0.04948532963808598
father's_occupation,0.027312848435145542
curricular_units_1st_sem_(credited),0.026707206640891247
curricular_units_2nd_sem_(evaluations),0.01869186175820592
nacionality,0.014306819212768376
international,0.013620493982456107
educational_special_needs,0.0038169807560444096
course,0.0036307209993159803
curricular_units_2nd_sem_(without_evaluations),0.001871713806481446
