Feature,Mean_SHAP
curricular_units_2nd_sem_(approved),0.10903565487401495
curricular_units_1st_sem_(approved),0.09651509331600482
curricular_units_2nd_sem_(grade),0.07413604423609997
age_at_enrollment,0.048398718707209895
application_mode,0.042948507071795296
curricular_units_1st_sem_(grade),0.04252008114731667
gender,0.028800190730212373
scholarship_holder,0.018208369607227038
curricular_units_1st_sem_(evaluations),0.013784769833534022
curricular_units_2nd_sem_(enrolled),0.011930061912704237
debtor,0.01087979767762153
gdp,0.010184203938427585
curricular_units_2nd_sem_(evaluations),0.009484231943537149
tuition_fees_up_to_date,0.009218732437841413
curricular_units_1st_sem_(enrolled),0.007691412627315216
marital_status,0.007386704784468248
mother's_occupation,0.007116748241040468
course,0.007071112627615059
previous_qualification,0.006739370444167448
father's_occupation,0.006353660093287534
father's_qualification,0.0041596057526891725
application_order,0.003471147477743661
mother's_qualification,0.0033887832091361665
unemployment_rate,0.0029612615993462525
inflation_rate,0.0020639942542979885
displaced,0.00200741715766001
curricular_units_1st_sem_(without_evaluations),0.0019304006337001883
daytime_evening_attendance,0.0008312297540946668
curricular_units_1st_sem_(credited),0.0007809927260991892
curricular_units_2nd_sem_(credited),0.0007064540856449601
curricular_units_2nd_sem_(without_evaluations),0.00021356098250068843
nacionality,0.0
educational_special_needs,0.0
international,0.0
