Feature,Mean_SHAP
curricular_units_2nd_sem_(approved),1.3190335
tuition_fees_up_to_date,0.97695684
curricular_units_1st_sem_(approved),0.9514076
application_mode,0.768224
curricular_units_2nd_sem_(grade),0.75951713
age_at_enrollment,0.7385123
gender,0.4740276
scholarship_holder,0.43942326
curricular_units_1st_sem_(grade),0.2919866
gdp,0.27592212
curricular_units_1st_sem_(evaluations),0.25341806
father's_occupation,0.20929998
mother's_occupation,0.18965694
curricular_units_2nd_sem_(evaluations),0.18474495
course,0.16576226
curricular_units_2nd_sem_(enrolled),0.15003267
father's_qualification,0.1497669
curricular_units_1st_sem_(enrolled),0.14316694
unemployment_rate,0.10440402
previous_qualification,0.10183192
mother's_qualification,0.093404196
inflation_rate,0.08170165
marital_status,0.07230857
displaced,0.048379906
application_order,0.045669176
debtor,0.04493429
curricular_units_1st_sem_(credited),0.02923245
curricular_units_2nd_sem_(credited),0.01230284
daytime_evening_attendance,0.011202015
curricular_units_1st_sem_(without_evaluations),0.008241078
educational_special_needs,0.0
nacionality,0.0
international,0.0
curricular_units_2nd_sem_(without_evaluations),0.0
