{
  "data_path": "/content/dataset.csv",
  "cleaned_path": "/content/outputs/v1/clean_dataset.csv",
  "data_hash": "70fa01ee10da1bd9b17fe18234356bfa",
  "n_rows": 4424,
  "n_cols": 35,
  "detected_target": "dropout",
  "sensitive_attrs": [
    "gender",
    "scholarship_holder",
    "international",
    "displaced",
    "educational_special_needs"
  ],
  "class_distribution": {
    "0": 0.6787974683544303,
    "1": 0.3212025316455696
  },
  "imbalance_ratio": 0.3212,
  "n_numeric": 35,
  "n_categorical": 0,
  "timestamp": "2025-10-21T07:58:38.619574"
}